id,first_name,last_name,email,gender,ip_address
1,Paulette,Esslemont,pesslemont0@time.com,Female,177.202.2.32
2,Astra,Zorzutti,azorzutti1@yellowbook.com,Female,109.152.219.192
3,Roana,Todarini,rtodarini2@webnode.com,Female,192.167.200.167
4,Mickey,Gerhardt,mgerhardt3@yahoo.co.jp,Male,194.243.98.216
5,Papagena,Weathers,pweathers4@comcast.net,Female,131.115.141.231
6,Ronni,Powdrill,rpowdrill5@canalblog.com,Female,184.158.3.2
7,Tony,Coultass,tcoultass6@timesonline.co.uk,Male,138.184.26.80
8,Ameline,Bredee,abredee7@booking.com,Female,84.8.134.194
9,Cal,Ewdale,cewdale8@youtu.be,Male,164.227.91.174
10,Valencia,Lamberts,vlamberts9@hubpages.com,Female,12.195.163.75